{"loss": [1.1401599645614624, 0.9920955896377563, 0.9308361411094666, 0.8666905760765076, 0.8076543807983398, 0.7473249435424805, 0.7158212661743164, 0.6875045895576477, 0.6311901807785034, 0.6197337508201599, 0.5945125818252563, 0.572851300239563, 0.569453775882721, 0.5370519757270813, 0.521202802658081, 0.5248515009880066, 0.4950192868709564, 0.49615275859832764, 0.47465384006500244, 0.48315802216529846, 0.4863816797733307, 0.4709624648094177, 0.46053043007850647, 0.46302491426467896, 0.4464398920536041, 0.4735954999923706, 0.44195789098739624, 0.4243720769882202, 0.4243597686290741, 0.4175125062465668]
"accuracy": [0.5493159890174866, 0.5899674296379089, 0.5917915105819702, 0.5925732851028442, 0.6330944895744324, 0.6875569820404053, 0.7077524662017822, 0.7228664755821228, 0.742931604385376, 0.7447556853294373, 0.7624755501747131, 0.7710748910903931, 0.7795439958572388, 0.790488600730896, 0.7968729734420776, 0.8044299483299255, 0.8201954364776611, 0.8145928382873535, 0.8252768516540527, 0.8247557282447815, 0.8257980346679688, 0.828143298625946, 0.8317915201187134, 0.8336156606674194, 0.8401302695274353, 0.8304886221885681, 0.846775233745575, 0.847166121006012, 0.8441693782806396, 0.8514658212661743]
"val_loss": [0.9638165831565857, 0.9570666551589966, 0.8753383159637451, 0.7982411980628967, 0.7446660995483398, 0.7203519940376282, 0.6753079295158386, 0.6361653804779053, 0.5859571099281311, 0.5891550183296204, 0.5738215446472168, 0.5567930936813354, 0.5376142263412476, 0.5267595648765564, 0.5290746092796326, 0.5316253900527954, 0.48589783906936646, 0.497561514377594, 0.5014907717704773, 0.517192006111145, 0.5276283025741577, 0.49414896965026855, 0.5242637991905212, 0.4777451157569885, 0.46409672498703003, 0.5129521489143372, 0.467794269323349, 0.45821893215179443, 0.45979902148246765, 0.48198068141937256]
"val_accuracy": [0.5955451130867004, 0.5955451130867004, 0.5955451130867004, 0.6072684526443481, 0.6776084303855896, 0.6905040740966797, 0.7069167494773865, 0.7338804006576538, 0.747948408126831, 0.7678780555725098, 0.7526377439498901, 0.7831184267997742, 0.7760844230651855, 0.8089097142219543, 0.7995310425758362, 0.8112543821334839, 0.820633053779602, 0.807737410068512, 0.8171160817146301, 0.8182883858680725, 0.807737410068512, 0.812426745891571, 0.8042203783988953, 0.8323563933372498, 0.8276670575141907, 0.7995310425758362, 0.8288393616676331, 0.8323563933372498, 0.8311840295791626, 0.8276670575141907]}