{"loss": [1.1795605421066284, 1.0109765529632568, 0.9441351294517517, 0.8985732197761536, 0.8517574071884155, 0.7887519001960754, 0.7671302556991577, 0.7406637668609619, 0.7109514474868774, 0.6731693148612976, 0.6476948261260986, 0.627586841583252, 0.6178984642028809, 0.6006788611412048, 0.5845714807510376, 0.5708246231079102, 0.559956431388855, 0.555131733417511, 0.5342763662338257, 0.5347797274589539, 0.5285038948059082, 0.516904890537262, 0.5188117027282715, 0.5151297450065613, 0.4990598261356354, 0.49696579575538635, 0.4912438690662384, 0.4812007248401642, 0.48707088828086853, 0.486321359872818]
"accuracy": [0.5428013205528259, 0.590879499912262, 0.5916612148284912, 0.5917915105819702, 0.6078175902366638, 0.6703583002090454, 0.6837785243988037, 0.7020195722579956, 0.7108795046806335, 0.7222149968147278, 0.7297719717025757, 0.7383713126182556, 0.7444950938224792, 0.7572638392448425, 0.7555700540542603, 0.7713354825973511, 0.7769381403923035, 0.78006511926651, 0.7971335649490356, 0.7936156392097473, 0.7975244522094727, 0.7971335649490356, 0.8053420186042786, 0.8071660995483398, 0.8134201765060425, 0.8104234337806702, 0.8149837255477905, 0.8241042494773865, 0.8213680982589722, 0.8235830664634705]
"val_loss": [1.0640422105789185, 0.9343732595443726, 0.8763232231140137, 0.838778555393219, 0.8025315999984741, 0.7406599521636963, 0.7267288565635681, 0.7013727426528931, 0.6659044027328491, 0.6339474320411682, 0.633084774017334, 0.6339595317840576, 0.6162023544311523, 0.5930365920066833, 0.5516647100448608, 0.5486555695533752, 0.5318472981452942, 0.5267966389656067, 0.5217389464378357, 0.5412805080413818, 0.5101571679115295, 0.5227338075637817, 0.5080422163009644, 0.5112936496734619, 0.50664883852005, 0.5078729391098022, 0.48970934748649597, 0.5079568028450012, 0.4836033880710602, 0.48283594846725464]
"val_accuracy": [0.5955451130867004, 0.5955451130867004, 0.5955451130867004, 0.5955451130867004, 0.654161810874939, 0.6776084303855896, 0.6893317699432373, 0.6905040740966797, 0.7116060853004456, 0.7385697364807129, 0.7233294248580933, 0.7373974323272705, 0.747948408126831, 0.7502930760383606, 0.7725673913955688, 0.773739755153656, 0.781946063041687, 0.8007034063339233, 0.7960140705108643, 0.7889800667762756, 0.8018757104873657, 0.8007034063339233, 0.8053927421569824, 0.8065650463104248, 0.8100820779800415, 0.7948417067527771, 0.8135990500450134, 0.807737410068512, 0.820633053779602, 0.8135990500450134]}