{"loss": [1.163520336151123, 1.008870005607605, 0.9450194835662842, 0.8946039080619812, 0.8383358120918274, 0.8105528950691223, 0.7669433355331421, 0.7392821311950684, 0.7164519429206848, 0.6802591681480408, 0.6462287902832031, 0.6324744820594788, 0.6152089834213257, 0.6013122797012329, 0.5962498784065247, 0.5666075944900513, 0.5531243681907654, 0.5482863187789917, 0.5383482575416565, 0.5303254127502441, 0.5225148797035217, 0.5120112299919128, 0.5044602751731873, 0.505095899105072, 0.49932029843330383, 0.5103092789649963, 0.48588430881500244, 0.48484569787979126, 0.4723314940929413, 0.4752599895000458], "accuracy": [0.5691205263137817, 0.5964820981025696, 0.5976547002792358, 0.5977849960327148, 0.6100325584411621, 0.6570684313774109, 0.6900326013565063, 0.6995439529418945, 0.7138762474060059, 0.723648190498352, 0.7349837422370911, 0.7386319041252136, 0.743452787399292, 0.7525733113288879, 0.7648208737373352, 0.7713354825973511, 0.7778501510620117, 0.7855374813079834, 0.790358304977417, 0.8020846843719482, 0.8010423183441162, 0.8071660995483398, 0.8087296485900879, 0.8084690570831299, 0.8157655000686646, 0.8069055080413818, 0.8178501725196838, 0.8224104046821594, 0.8244951367378235, 0.8241042494773865], "val_loss": [1.0896083116531372, 0.9999635815620422, 0.9672311544418335, 0.9129707217216492, 0.9450079202651978, 0.8261393904685974, 0.7874084711074829, 0.7506470084190369, 0.6991266012191772, 0.6681942343711853, 0.64846271276474, 0.6480811834335327, 0.5896539688110352, 0.5786625146865845, 0.5700337886810303, 0.570800244808197, 0.5724334120750427, 0.5369739532470703, 0.5306820273399353, 0.5110412836074829, 0.5115500092506409, 0.5272420048713684, 0.49554580450057983, 0.5134861469268799, 0.4913466274738312, 0.5010269284248352, 0.48996701836586, 0.4830295741558075, 0.4829038679599762, 0.4600442349910736], "val_accuracy": [0.5416178107261658, 0.5416178107261658, 0.5416178107261658, 0.5416178107261658, 0.5732707977294922, 0.628370463848114, 0.6342321038246155, 0.6471278071403503, 0.6905040740966797, 0.6940211057662964, 0.6869871020317078, 0.7022274136543274, 0.7467761039733887, 0.7713950872421265, 0.7385697364807129, 0.7620164155960083, 0.7749120593070984, 0.7960140705108643, 0.7936694025993347, 0.7971863746643066, 0.7889800667762756, 0.7960140705108643, 0.8182883858680725, 0.820633053779602, 0.8264947533607483, 0.8218054175376892, 0.8241500854492188, 0.8288393616676331, 0.8100820779800415, 0.8335286974906921]}